Gene.Symbol, fold.change,P.Value
pks13,1.09,0.000508046
rpoC,0.68,7.80889E-05
rpoB,0.74,0.000200846
msl3,1.91,0.000205251
gdh,0.67,0.00137504
pks2,2.8,7.18568E-06
rpoC,2.55,0.23141623
kgd,0.31,0.066582573
groEL2,0.43,0.032621999
dnaK,0.22,0.086165124
metE,0.44,0.019616904
katG,0.62,0.021483557
acn,0.2,0.420218807
gltB,0.26,0.19045037
mas,-2.63,5.40145E-05
aceE,0.49,0.050831753
clpC1,0.3,0.768393661
fadE5,-0.38,0.001829393
clpB,-0.17,0.297032195
pckG,-1.38,4.81006E-06
glcB,0.05,0.555116212
tuf,-0.01,0.076514282
icd-2,-0.18,0.631427826
glnA1,-0.7,0.012548079
groEL1,-0.36,0.019525584
gyrA,0.4,0.213284326
glgP,-0.02,0.089224249
eccA3,-1.42,0.000392612
fusA,-0.03,0.659229977
ppsE,1.54,0.000297887
ppsE,6.64,1.9372E-05
fadE10,0.41,0.046193477
nuoG,-0.35,0.408694686
ald,-0.92,0.000329542
dnaK,6.64,5.66249E-06
accA3,-0.26,0.756036849
tkt,-0.2,0.239056635
atpA,0.33,0.194977615
eccC3,0.51,0.417253754
gcvP,-0.42,0.017215095
atpD,-0.36,0.02681028
ahcY,-0.61,0.003752006
metK,-0.85,0.004088098
pnp,0.1,0.003896092
lldD,1.17,0.004013749
htpG,0.26,0.838273256
pheT,-0.09,0.034893728
fadD32,0.78,0.001309006
serA,-0.2,0.00081423
guaB1,-0.49,0.012552791
fabG4,0.16,0.614593172
valS,0.36,0.186365119
secA2,-0.31,0.070451992
car,-0.26,0.992973255
pyk,-0.26,0.019177654
proS,0.06,0.054762243
alaS,0.09,0.121751878
nrdE,1.37,0.000663458
accD5,0.08,0.090834911
gltA2,-0.12,0.568140835
fadA,-0.52,0.000444142
kasB,0.12,0.121589346
etfA,-1.07,0.001646475
leuA,-0.58,0.006593733
pgi,-0.23,0.038679538
ppk,-0.03,0.062135322
rpsA,-0.25,0.071214496
tsf,-0.77,0.004552536
adhB,0.96,0.040044076
fadD15,0.46,0.08578851
icl,-2.26,7.81885E-06
fadD21,-1.1,0.008218484
glyA1,-0.38,0.012894213
kasA,-0.52,0.011048511
accD4,0.62,0.005681077
prpD,-3.4,5.35634E-05
gyrB,0.05,0.577677252
lpdC,-0.17,0.150901001
korA,-0.64,0.005752118
leuS,0.16,0.448891468
dlaT,0.43,0.14173905
sucC,-0.22,0.050541957
fadE25,0.11,0.238303371
pks12,0.78,0.068737057
groEL2,-0.37,0.351596315
moxR1,-0.09,0.419990303
ettA,0.06,0.034787059
glyA1,-2.84,0.070809146
argS,-0.6,0.017524398
kdc,-0.18,0.005422808
rpoA,-0.55,0.125064001
secA1,1.12,0.17982886
topA,1.14,0.005482837
ppsC,0.76,0.032385109
sucD,-0.28,0.640156589
thrC,-0.55,0.014603511
thrS,-0.38,0.000768594
sir,0.39,0.046462971
ppsA,-0.13,0.230504946
rho,0.99,0.010228368
ileS,0.08,0.780246759
gabD1,-0.36,0.019255001
korB,-0.8,0.025891824
tuf,-1.24,0.069516662
murE,-0.37,0.018642214
desA1,-0.45,0.004620951
ispG,-0.35,0.004452391
trpB,-0.22,0.932835026
ilvC,-0.18,0.14198492
tpiA,-0.64,0.000537405
ilvX,-0.57,0.01055831
cysA1,-1.58,0.020615377
tal,0.08,0.516354086
umaA,-0.64,0.002620846
tuf,0.97,0.487537457
eno,-0.84,0.012420567
desA2,0.12,0.38410689
fadD28,0.4,0.172037654
adhC,-0.38,0.000507208
fumC,0.02,0.130403291
gatB,-0.36,0.020406623
fadD25,-0.08,0.215007531
cbs,-0.59,0.02090969
gap,-0.72,0.019352972
csd,-0.05,0.005757541
glyQS,-0.09,0.086749685
pepA,-0.95,0.002984103
aroG,-0.27,0.094682696
gltD,-0.39,0.003207919
purH,-0.69,0.010052986
acsA,-0.38,0.099539047
uvrA,0.29,0.797721285
eccA1,0.29,0.787616178
fba,-0.74,0.000447798
gltX,-0.1,0.243792961
glpX,0.06,0.005057293
polA,-0.11,0.221936349
nuoF,-0.41,6.58944E-05
lat,-1.9,1.99973E-05
pspA,0.34,0.000228128
fadB2,-0.99,0.000971544
argG,-0.76,0.011983573
atpG,0.55,0.987116246
proA,-0.58,0.002075263
glnA2,-0.81,0.003269357
ligA,-0.34,0.165570169
trpE,-0.33,0.001023018
mdh,-0.84,0.001621479
carB,0.45,0.523627886
glgE,-0.26,0.114659159
arcA,-1.01,0.000858885
mmaA4,0.34,0.357128417
cmaA2,0.21,0.089461794
prs,-0.44,0.004176544
hemL,-0.77,0.00047293
gpmA,-0.17,0.023432736
dop,-0.27,0.045663634
purL,0.36,0.083688912
glmS,-0.18,0.283184776
glgB,0.29,0.319865064
pknD,0.57,0.011856101
ilvD,-0.16,0.201295033
embR,-0.32,8.38728E-07
fadA4,-1.04,0.001902743
dapD,-0.39,0.005203742
guaA,-0.87,0.001103696
fadD23,0.58,0.593527293
rmlB,-0.2,0.179196165
rpsA,-2.31,0.015504966
otsA,-0.56,0.008353772
purA,-0.37,1.36155E-05
metG,-0.21,0.30626199
mak,-0.6,0.070870681
eccB3,0.37,0.329341144
serC,-1.04,0.000293387
enc,-0.52,0.126771275
acg,-0.52,0.010077037
sseA,-0.88,0.000167606
sodB,-0.26,0.579431563
fadE2,-0.14,0.174029734
pgk,-0.79,0.007172913
folD,-0.48,0.004878021
leuB,-0.97,0.002881435
coaBC,-0.6,0.377206251
htdY,-1.07,0.003031562
tig,1.5,0.038617621
lipN,-0.35,0.007248654
mmaA2,-0.78,0.033679828
aspS,0.04,0.075981155
menB,0.3,0.889992965
wag31,1.7,0.000243352
fadD6,0.34,0.016150071
treS,-0.27,0.003104954
purK,-0.54,0.007310475
adoK,-1.24,0.00041283
manB,-0.59,0.005927936
dhmA1,0.6,0.002282997
rpsB,0.95,0.125693123
trxB,-0.09,0.499707698
gabD2,0,0.731547395
asd,-1.11,0.00229232
rne,1.63,0.000544013
citA,0.17,0.237582852
pks5,1.05,0.716500751
aroA,0.32,0.172121879
pafA,0.21,0.735269861
echA6,-0.97,0.028680695
argD,-1.3,0.000260628
cds1,-0.82,0.025651666
ilvB1,-0.3,0.588484816
cysS,-0.24,0.03027116
metB,0.11,0.774143256
gabT,0.06,0.080425618
ilvE,-0.5,0.007452203
hbhA,0.07,0.296406513
accD6,1.39,0.045531248
eis,0.15,0.046978032
pcaA,-0.13,0.18483651
gatA,-0.66,0.092994509
prcB,0.09,0.835051735
trpA,0.15,0.453404059
mtr,0.1,0.689805008
ribD,0.54,0.318631665
rpsD,1.47,0.003046816
ino1,-0.55,0.001249373
nadC,0.21,0.197881421
cmaB,0.05,0.054765948
mabA,-0.05,0.153495387
fhaA,0.46,0.064452457
glpD2,0.36,0.117158304
mihF,1.68,0.003922261
atpFH,0.64,0.182298493
amiC,0.36,0.266801998
rpsC,1.18,0.027926399
fadD13,0.44,0.034195753
pyrG,0.41,0.932364763
groES,1.39,0.003160943
papA2,0.22,0.329443248
serS,0.14,0.443541462
nadE,-0.44,0.002908714
etfB,0.05,0.434110528
purC,-0.89,0.009219037
rplC,0.99,0.059166032
lysS1,0.44,0.695792147
plsB,0.65,0.633723013
bcp,-0.99,0.124394158
pdtaR,-0.35,0.333602535
ethA,0.69,0.555556558
ilvG,-1.28,0.057518904
fadE12,-0.31,0.078235372
rplB,1.11,0.060911631
pheA,-0.2,0.04051374
apeB,-0.63,0.025423958
fgd1,-0.92,0.046859601
murF,-0.3,0.252192774
helY,0.01,0.595788447
argH,-0.28,0.509425942
purD,-0.1,0.069597615
accA1,0.04,0.657621483
argC,-1.13,0.000791749
accD1,0.18,0.173749398
pfkA,-0.17,0.024536329
fadD32,2.28,0.171402146
moeZ,0.18,0.955975131
groEL,-0.6,0.20510393
coaE,-0.68,0.007492568
glpK,-0.55,0.00966927
hom,0.11,0.949882322
pgl,0.05,0.801457114
clpP2,-0.31,0.029859775
glnE,0.74,0.012110315
eccC5,0.5,0.06483903
infB,1.93,0.014926623
rpiB,0.27,0.437923896
pstS1,1.03,0.220735064
glmU,-0.7,0.0245105
guaB,0.92,0.05904342
nuoD,-0.06,0.561890715
galE1,-0.16,0.057243048
ephD,0.05,0.141247248
thiC,-0.15,0.004880416
cmaA1,-0.32,0.051579231
fadA5,-0.89,0.004904311
mutA,-0.19,0.056024403
espK,0.13,0.131294794
ffh,-0.03,0.05149175
crp,-0.29,0.191327214
rpsG,1.26,0.001435113
zwf2,0.25,0.693845398
metZ,0.05,0.594611863
tesA,-0.49,0.023187716
rplA,0.81,0.09079182
glf,0.18,0.510960721
dnaN,-0.01,0.293844633
hsaA,0.08,0.906310118
glgX,0.11,0.075014041
proC,-0.2,0.033699346
mmaA1,-0.37,0.099806485
mntH,-0.04,0.620582903
hsaC,-0.46,0.006072629
tyrS,-0.21,0.447380257
fbpB,-0.42,0.436888137
mutB,-0.15,0.083149636
gpm2,0.33,0.093738361
rph,-0.17,0.001773976
mpa,0.02,0.797581777
chdC,0.11,0.968768019
fadD8,-1.25,0.003638156
bkdC,-0.49,1.94535E-05
hspX,0.33,0.039680099
cyp140,0.8,0.946656237
ilvA,-0.79,0.068490351
fadA6,-0.55,0.017994376
rplQ,0.15,0.404243084
espR,0.22,0.015369408
ppsD,0.85,0.632084225
rplE,0.39,0.115047888
bfrB,-0.85,0.005512173
inhA,-0.37,0.080584885
icd-1,-0.52,0.013657105
dxs,0.19,0.130652493
menD,0.2,0.673013238
fprA,-0.89,0.004162445
lysA,-0.37,0.014765542
cinA,-0.49,0.021225932
eno,2.34,0.152731739
gcvT,-0.96,0.080483489
aroC,-0.44,0.127374178
frr,0.73,0.006655291
ppiA,0.52,0.089002797
bpoC,0.06,0.346190789
alaS,-0.96,0.49420127
glfT2,0.68,0.00173295
trmI,-0.12,0.619721763
sigA,1.35,0.062998405
eccE3,0.4,0.220573122
fbpA,-0.05,0.256408531
dapA,-0.67,0.921474965
zwf1,0.14,0.02912313
sthA,0.37,0.250265028
ask,0.11,0.541734129
dnaX,0.24,0.452607503
mshC,-0.8,0.003520124
hisG,0.17,0.996349371
pyrH,-0.54,0.046800636
aroB,-0.8,0.113300759
pat,-0.23,0.442655468
rpsE,0.69,0.006248881
acpM,2.28,0.000320712
ribBA,-0.31,0.025442443
gltA1,-3.33,0.049793351
prfB,-0.79,0.316757155
glmM,-0.12,0.166341034
trpC,-0.02,0.462065709
fadE26,-0.44,0.168925311
citE,-0.65,0.004060422
cysK1,-0.72,0.002766957
cysNC,-0.25,0.866976187
nrdF1,1.68,0.017275934
nrnA,0.52,0.289144125
lpdA,-0.19,0.013897498
whiA,1,0.008144945
clpP1,0.16,0.74941611
nusA,-0.11,0.777243824
smc,0.86,0.126457059
trpS,-1.16,0.102252124
fadD19,0.53,0.032915292
thyX,0.03,0.278925801
hisC,-0.26,4.61753E-05
murA,-0.41,0.035325885
serB2,-0.11,0.021469967
bagB,0.92,0.201763632
trpD,-0.24,0.073507962
pdxS,0.01,0.041606106
echA8,0.26,0.141889206
fabG3,-0.44,0.008924646
hsaD,0.22,0.232884023
argF,-0.81,0.000873122
prcA,-0.64,0.164935471
rmlC,0.08,0.500583022
espE,-0.76,0.326826487
hemB,-0.05,0.081866941
dapE,0.37,0.440154814
infC,0.8,0.365747327
echA14,-1.82,0.037452482
mtcA2,-0.29,0.015158579
hisD,0.08,0.352625839
coaA,-0.01,0.049727116
rpsI,0.18,0.556161538
lpqH,3.21,0.011258076
parB,1.4,0.007845141
espG5,-0.4,0.00027179
gpgP,-0.54,0.043488619
ppsB,0.8,0.078805802
dapB,-0.91,0.003783859
adk,1.35,0.022594438
qcrA,0.98,0.05806312
mmpL3,1,0.072235409
rmlA,0.11,0.504442869
ftsZ,-0.16,0.181538571
rnj,0.3,0.597162961
mobA,-1.41,0.000610804
dao,-0.7,0.003019054
fmt,-0.14,0.117230149
dhaA,-0.05,0.292184892
cobT,-0.89,0.01317936
tyrA,-0.79,0.006058701
lipM,0.58,0.039255975
pks11,-0.11,0.161040545
rplF,1.4,0.000200599
dnaJ1,0.07,0.068314325
pta,-0.32,0.103935768
argB,-0.51,0.029489407
mshB,-0.02,0.038570896
htrA1,0.56,0.077054251
grpE,1.5,0.005855438
suhB,-0.11,0.449840814
gpsA2,-0.17,1.34039E-05
mshD,0.29,0.9369546
moeA1,0.87,0.199862914
ilvH,0.19,0.674204283
ureC,-0.18,0.410897092
ackA,0.27,0.057119006
eccA5,-0.68,0.009569921
cdh,0.36,0.128472023
sseB,0.16,0.585544822
glgC,-0.38,0.146424157
nrdF2,0.23,0.265653983
cfp32,1.09,0.019790689
ddn,0.7,0.055381287
pra,1.85,0.000383325
alr,0.06,0.323105479
nadA,1,0.002603973
bagA,0.03,0.072254521
rpsS,2.2,0.004037927
murC,0.39,0.742270603
folC,-0.31,0.048243702
add,-0.42,0.021862236
mcr,-0.46,0.003476569
tgs4,-0.67,0.163563728
phoU1,-0.64,0.259594189
hisS,-0.33,0.001567393
rplD,0.75,0.021083388
lipJ,-0.47,0.015414201
espI,0.3,0.321638402
dprE2,-0.09,0.785455061
rpsP,0.85,0.142125842
rplJ,0.06,0.680665196
cysM,-0.32,0.560996844
pknH,0.44,0.860861563
espA,-0.13,0.823325938
choD,0.28,0.468806964
nusG,0.41,0.797448039
mkl,0.91,0.187456733
pup,1.83,0.415256592
kshA,-1.04,0.001521481
pyrB,-0.76,0.010072917
lipV,-1.35,0.043961337
dapC,0.4,0.003635868
ssb,0.28,0.140708027
papA3,0.3,0.001204195
mez,-0.42,0.090873289
hupB,-0.3,0.219648639
menF,1.19,0.282779304
bkdB,0.73,0.475657949
moaE2,-1.54,0.004223476
adhD,-1.76,0.02524259
prrA,0.66,0.198386649
pknG,-0.17,0.669069826
lprF,0.39,0.073311299
mtrA,0.26,0.072630801
bfr,1.73,0.011422278
mycP3,-0.43,0.663875067
tgs1,-0.38,0.319731364
grcC1,-0.32,0.307844727
dnaA,1.13,0.017180932
lipI,-1.16,0.034033429
php,-0.12,0.594567506
nrp,0.46,0.005844382
rplM,0.97,0.020143677
fbiB,0.63,0.076301104
cysQ,-0.92,5.71797E-05
purF,-0.32,0.510113395
tpx,1.69,0.022086154
dhmA2,0.9,0.897820775
murD,0.35,0.000446298
mfd,0.17,0.014567744
recN,0.06,0.370508937
htdX,0.92,0.011327104
ahpD,-2.3,0.001147394
mmsB,-0.69,0.000691424
rpsH,1.98,0.000181944
ppnK,-0.37,0.193303319
pafB,0.02,0.577003964
deoA,-0.47,0.131737731
trkA,-0.24,0.012121095
ephA,-1.2,0.022653086
rplI,0.34,0.28016778
rplK,0.96,0.004526645
accD2,0.27,0.62893759
hemC,-0.1,0.348268315
nadB,0.1,0.138577983
csm6,-0.31,0.020135037
ctpC,0.37,0.000510364
dnaA,-6.64,2.67748E-08
ideR,0.48,0.091276935
recC,1.53,0.395875238
efp,0.51,0.032420479
rpsQ,1.13,0.028440129
bioA,-0.1,0.529815695
hisN,0.36,0.558160191
fadD10,1.57,0.000241298
pyrC,-1.33,0.024252537
rplP,0.94,0.207000339
ddl,0.22,0.78926198
glpQ1,0.22,0.914268517
wbbL,-0.26,0.345152505
ndhA,0.93,0.004387768
dut,0.25,0.17359194
hisB,-0.25,0.034751331
ndk,1.11,0.107065568
priA,-0.07,0.897341774
hsaF,-0.62,0.183410012
ribH,0.3,0.227083737
eccD5,1.58,0.745880491
leuC,0.33,0.398223041
hupB,-6.64,0.116616156
recB,-0.64,0.023725148
ipdF,-0.05,0.040935067
mtnN,-0.24,0.212344902
mqo,0.74,0.121140047
sugC,-0.69,0.037794616
amiB2,-0.14,0.075247275
lpqL,0.06,0.844428988
pks16,0.84,0.007791059
garA,1.94,0.007880823
ptpB,-0.12,0.475950337
nuoC,-0.52,0.122833047
ppk2,0.85,0.4510145
metH,0.55,0.818508873
fbiA,0.74,0.015166255
phoU2,-0.86,0.06231612
birA,-0.38,0.006637332
rpsM,0.95,0.014984914
lprG,1.45,0.02849436
dnaE,1.15,0.012217674
scoA,-1.15,0.001409473
nnr,-0.13,0.071627109
ephG,0.89,0.137406626
ansA,0.07,0.776843641
dxr,-0.18,0.088412134
purQ,0.72,0.58695487
eccD3,1.36,0.001887385
qcrB,1.81,0.012091378
rplY,0.08,0.014917062
nuoE,-0.49,0.063898842
coaX,-0.03,0.368976672
dnaG,0.42,0.090590751
secE2,0.42,0.035940888
prfA,-0.64,0.317531708
dyp,-0.54,0.187018525
fasR,1,0.250466806
fadE27,0.34,0.880790662
mtnP,-2.32,0.055147932
murG,0.72,0.154142643
rpsO,0.88,0.003712538
psd,0.39,0.1942251
thyA,0.1,0.121439491
accD3,0.03,0.751532922
ctaC,2.32,0.873723111
bkdA,0.37,0.053638474
eccB5,0.63,0.397148193
leuD,0.82,0.208852825
hpf,0.31,0.372078925
glcB,-6.64,0.116123052
carA,-0.07,0.015576043
rplO,0.4,0.5499677
egtE,-0.25,0.000335875
greA,2.47,0.003264562
lpqE,1.91,0.018436302
dapF,-0.84,0.004198771
fadD15,-1.35,0.937564867
dprE1,0.72,0.035265412
cwsA,0.6,0.000144657
mrp,0.13,0.94437409
chsB1,0.28,0.085279388
atpF,1.05,0.132853451
mmpR5,-0.55,0.000235822
rpsF,2.19,8.19411E-06
rplT,0.71,0.033594035
espB,0.62,0.075948764
trxA,2.4,0.003680981
gpsA1,1.13,0.679350942
clpX,1.3,0.024234729
lpqB,0.09,0.360796964
rskA,0.6,0.640070559
purN,0.1,0.416775618
lexA,0.42,0.310287077
rplS,1.9,0.027013916
deoC,-0.68,0.045369254
esxB,2.09,0.011048335
purU,-0.32,0.366639937
iniA,0.51,0.031832717
ftsY,0.16,0.861588364
nusB,-0.64,0.16392511
fadD26,-0.69,0.272119879
fabH,-1.16,0.000704078
bcpB,-0.94,0.037440631
narG,0.68,0.01972817
treZ,-0.22,0.298599669
rplU,2.88,0.002284385
ipdE1,-0.28,0.002891899
coaD,-0.39,0.088410583
secE,2.59,0.075175971
lprA,0.26,0.030030859
echA19,-0.3,0.879205815
mraZ,1.05,0.007281953
rraA,0.09,0.288081779
menG,1.44,0.774950633
PPE1,4.17,0.006891734
adh,-0.63,0.288450809
mku,-0.38,0.93023389
espF,0.96,0.060132879
glyA2,0.13,0.073660609
egtC,-0.37,0.000288303
rplX,2.34,0.006927661
devR,-0.83,0.02848181
punA,0.07,0.12162029
pdxH,-0.47,0.124095899
pheS,-0.37,0.614870722
dnaJ2,0.08,0.237757611
hns,0.86,0.007748534
rplL,2.62,0.002215578
folP1,-0.61,0.042632464
echA20,-0.76,0.326773745
ispF,-0.1,0.220690214
mpt51,0.75,0.603330789
thiL,-0.23,0.70450123
fabD,0.32,0.007659514
hrp1,0.12,0.226926783
ppa,2.6,0.002649138
rplV,1.43,9.00504E-05
carD,0.3,0.075456901
sigK,0.64,0.018544424
thrB,-0.63,0.020921205
fbpC,0.05,0.652965836
tatA,1.19,0.26844575
ahpC,-0.78,0.098802818
apt,1.16,0.093523886
lepA,1.58,0.483017074
pstS3,0.65,0.071988845
glpQ2,0.56,0.005497167
panC,-0.31,0.358670215
otsB,-0.41,0.367778145
asnB,0.51,0.821788571
truA,-0.72,0.18863473
thiE,-0.19,0.154181235
trmD,-0.62,0.052606953
hemE,-0.81,0.385272514
lppX,-0.95,0.313647965
mprA,-0.25,0.982623442
murB,-0.47,0.534224436
apa,0.72,0.067439703
sodC,1.32,0.812073593
cobIJ,-0.23,0.180090691
nadD,-0.68,0.262324535
folE,0.55,0.001134658
map,0.09,0.722831845
aftC,0.86,0.502588838
fadD29,0.3,0.006709149
lsr2,3.49,0.000187216
phoH2,0.38,0.076747173
fbpB,-0.89,0.307861227
rpmB2,0.15,0.447446024
dcd,-0.22,0.138616199
disA,1.09,0.00404187
devS,-0.29,0.302211365
cyp135B1,1.31,0.000562447
pks10,-1.62,0.068918062
ftsE,1.45,0.031947339
fadE34,0.14,0.017027119
vapC45,0.45,0.32665866
dosT,0.16,0.104505804
rplW,2.36,0.006148612
trmB,-0.02,0.998937344
ppx2,-1.12,0.098921463
pstP,0.3,0.245873967
nuoI,0.61,0.958368054
cysD,0.48,0.037984542
cyp125,0.47,0.047612148
map-1,1.51,0.02136599
rpsR1,1.53,0.360757893
cgoX,-0.3,0.455635864
pyrE,0.82,0.019842081
ispE,-0.92,0.029184088
atpB,-0.43,0.203234701
rpsJ,0.24,0.890809658
folP2,-0.11,0.319775535
purA,-6.64,0.116852466
ipdB,-0.14,0.178679384
ppiB,1.32,1.12146E-05
rplN,1.25,0.082183765
aspC,0.19,0.718495869
gmk,4.92,0.001709148
pdtaS,-0.08,0.616020604
yajC,6.64,0.373900966
def,-0.24,0.06952484
lgt,-0.14,0.731177447
murI,0.59,0.50277021
rpmE,1.11,0.494878622
esxG,6.64,0.373900966
nrdR,1.81,0.259110625
rpmC,0.49,0.001959453
adhA,-1.23,0.012740796
ribE,0.27,0.887409326
pyrD,0.01,0.690831028
pyrF,-0.68,0.044724201
pyrR,-0.38,0.737479722
folA,1.23,0.657209047
scoB,0.48,0.063516984
bccA,-2.36,0.088500236
mviN,-1,0.61679707
bioD,0.26,0.455805286
hip1,-0.27,0.843838398
mpt64,1.77,0.07538096
khpA,-0.34,0.573609055
patA,1.05,0.304120299
secF,0.78,0.307868285
nfo,-0.82,0.294209451
ppm1,0.85,0.368563467
hisH,1.36,0.463001144
udgB,0.19,0.63982442
recD,-6.64,5.94335E-08
orn,0.32,0.691647544
nth,0.48,0.711827205
echA17,-0.06,0.186254417
pstB2,1.66,0.256239071
pepE,0.81,0.027800068
iniC,0.53,0.00989651
holA,-6.64,0.116153886
rbfA,0.2,0.122364989
pknK,-0.51,0.360274073
uvrD1,6.64,2.52316E-08
mazF7,-1.18,0.302877728
rpsK,-0.73,0.008255961
iscS,0.62,0.007698761
rpmD,1.15,0.026768325
ipdE2,-1.84,0.003900402
eccE5,-0.49,0.850775206
uvrB,-0.61,0.371680266
tatD,1.06,0.045669841
sigH,0.86,0.108321855
acyP,0.26,0.57716622
cdd,0.08,0.424037378
nat,0.85,0.011943968
mftF,0.68,0.010940751
ruvA,-0.61,0.163360567
mhuD,1.18,0.289332779
hisF,-0.54,0.079716014
accE5,1.83,0.00753531
htdZ,-1.21,0.099216749
octT,-0.28,0.011623193
eccCa1,6.64,3.3406E-07
mftD,0.2,0.291427629
nuoB,-0.09,0.32637934
infA,1.11,0.000468687
cyp142,-0.29,0.345065304
ricR,-0.73,0.163283474
rpsR2,-1.52,0.114653645
darG,0.69,0.988050152
ligC,-0.13,0.993528069
hsaG,0.65,0.09715262
ctaD,1.9,0.001040805
mutT1,-0.67,0.399116178
cwlM,0.72,0.637018805
pncB1,0.82,0.017919804
vapC51,-0.09,0.188806641
eccCb1,6.64,0.373900966
pstS2,0.86,0.043650653
lrpA,1.74,0.001954525
ftsH,6.64,0.116128246
ctpB,-0.02,0.852531491
aspB,2.41,0.413331992
mazG,-6.64,4.80571E-08
ltp2,-0.39,0.358253514
priA,2.29,0.000892569
hisI,-6.64,6.35669E-06
cpfC,-6.64,0.373900966
qcrC,2.53,0.001922895
prrB,1.25,0.48566965
ung,0.81,0.1628397
fabG2,-0.32,0.314627006
mpb63,1.3,0.010971699
XPB,0.05,0.084217175
malQ,0.64,0.860627697
fadD3,-2.9,0.407487104
hpt,-0.28,0.299509575
rplR,1.48,0.014460808
rpmA,2.86,0.142544717
tmk,-0.05,0.38082581
folB,-1.11,0.014596955
nuoN,6.64,0.1161166
ispH2,-1.06,0.076925876
vapC17,-0.49,0.105417815
aac,0.22,0.813343144
cyp138,1.42,0.015472189
argJ,-0.83,0.00475772
relA,6.64,2.8937E-08
truB,0.43,0.018178367
treY,-1.14,0.525873485
rpmJ,0.88,0.253894664
bacA,0.32,0.27552751
atpC,0.58,0.077621545
glnB,1.38,0.453710567
ureG,1.32,0.300979604
vapC10,1.78,0.013534351
cut6,1.14,0.002636156
fadD30,0.61,0.502236533
PPE3,0.96,0.263069626
pafC,0.36,0.487145787
gcvH,0.33,0.462998435
cyp136,-0.69,0.346518785
pknB,1.03,0.372235848
menC,-6.64,0.116124314
vapB45,0.94,0.131002352
chsH2,-0.12,0.515415064
nuoA,0.76,0.260485502
pknF,-0.77,0.122146546
espG1,-6.64,4.65477E-07
lipC,0.59,0.302663524
amiD,0.62,0.030642457
dagK,-0.39,0.193325953
lysX,-0.05,0.992327822
bpa,0.68,0.924665812
vapC27,0.11,0.101446217
glgM,0.28,0.294638857
espD,0.42,0.013972535
pptH,0.07,0.342428406
yidC,-0.27,0.879026302
menE,-0.96,0.545832131
narL,-0.23,0.045316904
pknA,0.9,0.090530617
espL,1.51,0.006081905
cspA,2.76,0.001688186
rpsT,2.01,0.012755722
rsmH,-2.48,0.249597607
bioB,0.52,0.099646332
mmpL7,-1.18,0.119935667
mprB,6.64,0.373900966
ponA1,0.91,0.051926079
mscL,1.51,0.088354804
rbpA,-0.31,0.463650217
fcoT,6.64,0.373900966
mca,-6.64,0.116119553
embB,0.66,0.311399767
cyp126,1,0.872486114
proB,-1.58,0.558548455
recF,0.53,0.492615171
ahpE,0.76,0.000438927
papA5,-1.14,0.418754975
esxA,0.74,0.325311983
rpsL,0.72,0.367770444
cobH,-0.7,0.901103658
lucA,2.53,0.077719197
rpe,1.29,0.001785564
embA,0.45,0.30901905
eccB1,-0.85,0.136195014
lprB,0.1,0.386430065
lepB,-0.57,0.50345571
fadE29,-0.15,0.537330093
thiD,-0.27,0.340098982
der,2.15,0.003985545
idsA2,0.49,0.057124778
lpqI,0.98,0.000699185
upp,-1.32,0.005498684
ipdA,-0.2,0.653593368
secY,3,0.067941476
htpX,-0.27,0.359428882
lipF,-0.03,0.30856584
lysX,-1.56,0.05766532
ctaE,6.64,3.59343E-09
moaE2,-6.64,1.35407E-06
glfT1,1.26,0.304998084
PPE19,0.17,0.105824966
ndh,-1.39,0.286800633
mmpS3,0.87,0.279805096
mazF6,1.01,0.49175982
lipR,0.72,0.4300534
moaC2,0.34,0.527364775
fbiC,1,0.549013287
trpG,-2.1,0.161369015
pknE,-0.17,0.991391611
rsfB,-2.52,0.584947514
rsmI,-1.69,0.471788571
oppD,-0.48,0.976994552
mazF5,-0.89,0.323327468
nuoM,0.34,0.12187234
ligD,0.03,0.403425247
blaC,-6.64,0.373900966
xseA,0.91,0.23230803
hemA,6.64,5.08169E-08
pstB1,0.84,0.496810468
drrA,0.39,0.302742452
mymA,0.29,0.510795456
purE,0.3,0.023929522
rsbW,-1.49,0.018321423
plcB,-0.45,0.126206715
mmpS4,-0.18,0.5135742
cmk,-0.45,0.297487002
prpR,-6.64,4.68352E-06
pgsA-1,3.35,0.038701985
trcR,-2.61,0.082435235
mmpS5,-2.28,0.041804607
rshA,0.4,0.064552718
trcS,6.64,6.08072E-07
metXA,-6.64,5.32593E-07
csm3,-6.64,0.373900966
aceA,-0.72,0.443394682
pimF,0.51,0.108581935
espH,1.49,0.013419078
cas6,2.38,0.26703827
lpqN,0.14,0.526548149
mutT3,0.1,0.188805517
esxK,6.64,2.29651E-06
mycP5,-1.68,0.058834067
ftsX,1.53,0.087573669
cyp137,6.64,0.116200654
mmpL4,0.21,0.344416251
ftsQ,0.82,0.10282707
uvrD2,6.64,0.373900966
rnc,-6.64,4.22264E-09
katG,0.27,0.149639454
rpmF,-0.17,0.338070363
eccE1,0.58,0.275217864
fadD22,0.5,0.987837692
narS,0.23,0.126355336
plcA,0.78,0.102537894
vapC37,-0.41,0.422040893
vapC11,2.07,0.26809869
moaE1,-6.64,0.128207277
mtb12,1.22,0.310245831
recA,1.36,0.461850429
virR,1.07,0.004423517
thiG,-6.64,0.116118676
amiA2,6.64,0.116130747
mycP2,-0.18,0.395384853
menJ,-6.64,0.116640891
mbcT,-1.7,0.473038487
hrcA,0.07,0.301132119
eccE2,-0.62,0.650481567
relE,0.23,0.12150517
lpqT,-1.33,0.46391884
mazF4,6.64,3.72337E-07
ureA,-2.1,0.052156622
egtA,3.03,0.853991684
embC,6.64,0.11804866
acpS,-0.55,0.102711771
vapC38,0.5,0.300973732
ipdA,6.64,0.116116621
uvrC,6.64,0.116116708
ethR,0,0.123328046
pdxT,1.81,0.48129577
mutT2,6.64,1.19217E-06
vapC4,6.64,0.116117099
sigC,-1.89,0.087522669
ndk,2.73,0.013154824
rpmG2,6.64,2.22007E-10
pcp,-0.12,0.671918965
pepD,0.47,0.033935834
cei,1.04,0.045961931
smpB,-3.68,0.970100268
RNF213,-0.25,0.331516847
aofH,6.64,1.74765E-08
TB22.2,-1.65,0.480796675
stf0,6.64,0.116146279
hemW,-1.35,0.305681569
sigJ,0.57,0.104271641
espC,6.64,8.90405E-09
virS,0.26,0.987828148
Rab39a,0.16,0.111211432
fadE28,0,0.882446399
nuoH,0.61,0.341024124
vapB43,0.61,0.53545203
rodA,6.64,0.116181903
rpmI,-6.64,0.000273748
lpqY,-1.87,0.506728142
darT,1.47,0.001591807
mbtB,2.33,0.082285991
rpsZ,2.74,0.219526184
rpoZ,-1.17,0.972048297
vapB17,6.64,0.116221678
nei1,1.23,0.485828514
mmpL8,0.52,0.783252063
echA12,6.64,3.90481E-08
atpE,-6.64,0.116256936